attempt,final_distance_m
1,0.1877559600084597
2,0.2713138217219724
