attempt,final_distance_m
1,0.04550895862664269
2,0.017790074112772003
