attempt,final_distance_m
1,0.18729935813663007
2,0.27675494996889666
3,0.2988535956773784
4,0.32031290416318875
