attempt,final_distance_m
1,0.21138775712209515
2,0.2859144604548213
3,0.21621632764203438
4,0.13761179955761968
