round,attempt,final_distance_m,success
1,1,0.00607509852320013,True
2,1,0.04045568887720215,True
3,1,0.008690769569162633,True
4,1,0.012529651815824763,True
5,1,0.0065607408039075835,True
