round,attempt,final_distance_m,success
1,1,0.3119398060791319,True
1,2,0.205693031577346,True
1,3,0.19670377184398247,True
1,4,0.0677701261300463,True
