round,attempt,final_distance_m,success
1,1,0.31754003075874754,True
1,2,0.20702988782938583,True
1,3,0.015572120572451631,True
