round,attempt,final_distance_m,success
1,1,0.2708785057645984,True
1,2,0.022490557742210572,True
