round,attempt,final_distance_m,success
1,1,0.22397135771554413,True
1,2,0.33878819121039194,True
1,3,0.3071025920933517,True
1,4,0.03352786483918411,True
