round,attempt,final_distance_m,success
1,1,0.007890535955190433,True
2,1,0.026798522683937714,True
3,1,0.007751221576054267,True
4,1,0.006413625445211142,True
5,1,0.008334323611253608,True
