round,attempt,final_distance_m,success
1,1,0.3189152227301826,True
1,2,0.01073666595636175,True
