round,attempt,final_distance_m,success
1,1,0.47777969476440807,False
1,2,0.2356449142463943,False
1,3,0.25499322787237494,False
1,4,0.31728304200125707,False
1,5,0.20015061832300107,False
