round,attempt,final_distance_m,success
1,1,0.28328116263573544,False
1,2,0.24442686815693723,False
1,3,0.513100842343292,False
1,4,0.5130576133460277,False
1,5,0.4903889327406951,False
