round,attempt,final_distance_m,success
1,1,0.37453626750156066,False
1,2,0.6094297697343893,False
1,3,0.736945493662178,False
1,4,0.5870305530687898,False
