round,attempt,final_distance_m,success
1,1,0.31719512644836945,True
1,2,0.005439215434917062,True
