round,attempt,final_distance_m,success
1,1,0.06319525559607178,True
1,2,0.020377297045511743,True
