round,attempt,final_distance_m,success
1,1,0.41095295024297973,True
1,2,0.4314249129132621,True
1,3,0.008616112886605349,True
