round,attempt,final_distance_m,success
1,1,0.5681719345381481,False
1,2,0.3324904314273411,False
1,3,0.3476884546619042,False
1,4,0.33165898849000464,False
1,5,0.33776473357160663,False
