round,attempt,final_distance_m,success
1,1,0.19239335330440577,False
1,2,0.20390579567391387,False
1,3,0.20461411278140224,False
1,4,0.18697623329150928,False
1,5,0.3480466764155558,False
