round,attempt,final_distance_m,success
1,1,0.4864932438666581,True
1,2,0.05552120092312597,True
