round,attempt,final_distance_m,success
1,1,0.5481433908929957,False
2,1,0.4192277017683073,False
3,1,0.4470576118194061,False
