round,attempt,final_distance_m,success
1,1,0.2948435360479029,True
1,2,0.009764545915901169,True
