round,attempt,final_distance_m,success
1,1,0.5646814608115936,True
1,2,0.0317134271356343,True
