round,attempt,final_distance_m,success
1,1,0.4827984756152941,True
1,2,0.0980229491043659,True
