round,attempt,final_distance_m,success
1,1,0.010827835439585045,True
2,1,0.01074212087212474,True
3,1,0.01053427986507854,True
