round,attempt,final_distance_m,success
1,1,0.010950736628677555,True
2,1,0.010290271358394635,True
3,1,0.0109481915144123,True
