round,attempt,final_distance_m,success
1,1,0.3173343159801969,True
1,2,0.015492943270101376,True
