round,attempt,final_distance_m,success
1,1,0.20279978069363758,True
1,2,0.3578905961681516,True
1,3,0.2075538769990296,True
1,4,0.05086135192396712,True
