round,attempt,final_distance_m,success
1,1,0.18768375350444078,True
1,2,0.7271583660743219,True
1,3,0.010377178962831055,True
