round,attempt,final_distance_m,success
1,1,0.23187607397431093,True
1,2,0.005650575234330915,True
